{
    "channels": [
        {
            "channel_title": "Insurance Guide - Topics",
            "status_group": "Default",
            "field_group": "Insurance Guide - Topics",
            "cat_groups": []
        }
    ],
    "status_groups": [
        {
            "name": "Default",
            "statuses": []
        }
    ],
    "category_groups": [],
    "upload_destinations": [
        {
            "name": "Insurance Guide - Topics - Icons"
        },
        {
            "name": "Insurance Guide - Topics - Images"
        }
    ]
}